{
    "options": {
        "gen-comma": false,
        "gen-surround": false,
        "latex-whitespace": false,
        "latex-border": true,
        "latex-command": true,
        "latex-split": false,
        "latex-landscape": false,
        "latex-float": true,
        "fit-table": "none",
        "latex-hhline": true,
        "latex-hhline-hash": false,
        "latex-tabu": false,
        "latex-color": false,
        "latex-microfix-alignment": true,
        "tex-escape": true,
        "tex-macro": true,
        "html-indent": "tab",
        "html-tbody": false,
        "html-remove-tag": false,
        "csv-separator": ",",
        "bbcode-header": "1",
        "pretext-indent": "two",
        "context-split": false,
        "context-landscape": false,
        "context-float": true,
        "context-indent": "two",
        "wml-indent": "four",
        "latexEnv": "Tabular"
    },
    "autoBooktabs": false,
    "caption": {
        "caption": "Comparison of existing Java debloating techniques. \\textsc{Target} is the type of artifact considered for debloating; \\textsc{Analysis} refers to the type of code analysis performed for debloating; \\textsc{Scale} provides the number of study subjects used to evaluate the technique;\\textsc{Granularity} is the code level at which debloating is performed: field (F), method (M), class (C) or dependency (D); the last columns enumerate the three ways found in the state-of-the-art to assess the validity and utility of the debloated artifact.",
        "numbered": false,
        "label": "tab:comparison"
    },
    "cells": [
        [
            {
                "dataset": {
                    "align": "l",
                    "borderTop": "normal",
                    "borderBottom": "normal"
                },
                "html": "Tool",
                "css": "border-top: 1px solid rgb(0, 0, 0); border-bottom: 1px solid rgb(0, 0, 0);",
                "rowSpan": 3
            },
            {
                "dataset": {
                    "align": "l",
                    "borderTop": "normal",
                    "borderBottom": "normal"
                },
                "html": "Target",
                "css": "border-top: 1px solid rgb(0, 0, 0); border-bottom: 1px solid rgb(0, 0, 0);",
                "rowSpan": 3
            },
            {
                "dataset": {
                    "align": "l",
                    "borderTop": "normal",
                    "borderBottom": "normal"
                },
                "html": "Analysis",
                "css": "border-top: 1px solid rgb(0, 0, 0); border-bottom: 1px solid rgb(0, 0, 0);",
                "rowSpan": 3
            },
            {
                "dataset": {
                    "borderRight": "normal",
                    "align": "l",
                    "borderTop": "normal",
                    "borderBottom": "normal"
                },
                "html": "Scale",
                "css": "border-right: 1px solid rgb(0, 0, 0); border-top: 1px solid rgb(0, 0, 0); border-bottom: 1px solid rgb(0, 0, 0);",
                "rowSpan": 3
            },
            {
                "dataset": {
                    "borderRight": "normal",
                    "align": "c",
                    "borderTop": "normal",
                    "borderBottom": "normal"
                },
                "html": "Granularity",
                "css": "border-right: 1px solid rgb(0, 0, 0); border-top: 1px solid rgb(0, 0, 0); border-bottom: 1px solid rgb(0, 0, 0);",
                "colSpan": 4
            },
            {
                "dataset": {
                    "align": "c",
                    "borderTop": "normal",
                    "borderBottom": "normal"
                },
                "html": "Correctness evaluation criteria",
                "css": "border-top: 1px solid rgb(0, 0, 0); border-bottom: 1px solid rgb(0, 0, 0);",
                "colSpan": 4
            }
        ],
        [
            {
                "dataset": {
                    "align": "c",
                    "borderBottom": "normal"
                },
                "html": "F",
                "css": "border-bottom: 1px solid rgb(0, 0, 0);",
                "rowSpan": 2
            },
            {
                "dataset": {
                    "align": "c",
                    "borderBottom": "normal"
                },
                "html": "M",
                "css": "border-bottom: 1px solid rgb(0, 0, 0);",
                "rowSpan": 2
            },
            {
                "dataset": {
                    "align": "c",
                    "borderBottom": "normal"
                },
                "html": "C",
                "css": "border-bottom: 1px solid rgb(0, 0, 0);",
                "rowSpan": 2
            },
            {
                "dataset": {
                    "borderRight": "normal",
                    "align": "c",
                    "borderBottom": "normal"
                },
                "html": "D",
                "css": "border-right: 1px solid rgb(0, 0, 0); border-bottom: 1px solid rgb(0, 0, 0);",
                "rowSpan": 2
            },
            {
                "dataset": {
                    "align": "c",
                    "borderBottom": "normal"
                },
                "html": "Comp.",
                "css": "border-bottom: 1px solid rgb(0, 0, 0);",
                "rowSpan": 2
            },
            {
                "dataset": {
                    "align": "c",
                    "borderBottom": "normal"
                },
                "html": "Tests",
                "css": "border-bottom: 1px solid rgb(0, 0, 0);",
                "rowSpan": 2
            },
            {
                "dataset": {
                    "align": "c"
                },
                "html": "Client"
            },
            {
                "dataset": {
                    "align": "c",
                    "borderBottom": "normal"
                },
                "html": "Devs",
                "css": "border-bottom: 1px solid rgb(0, 0, 0);",
                "rowSpan": 2
            }
        ],
        [
            {
                "dataset": {
                    "align": "c",
                    "borderBottom": "normal"
                },
                "html": "tests",
                "css": "border-bottom: 1px solid rgb(0, 0, 0);"
            }
        ],
        [
            {
                "dataset": {
                    "align": "l",
                    "borderTop": "normal"
                },
                "css": "border-top: 1px solid rgb(0, 0, 0);"
            },
            {
                "dataset": {
                    "align": "l",
                    "borderTop": "normal"
                },
                "html": "B",
                "css": "border-top: 1px solid rgb(0, 0, 0);"
            },
            {
                "dataset": {
                    "align": "l",
                    "borderTop": "normal"
                },
                "html": "Static",
                "css": "border-top: 1px solid rgb(0, 0, 0);"
            },
            {
                "dataset": {
                    "borderRight": "normal",
                    "align": "l",
                    "borderTop": "normal"
                },
                "html": "13 libs",
                "css": "border-right: 1px solid rgb(0, 0, 0); border-top: 1px solid rgb(0, 0, 0);"
            },
            {
                "dataset": {
                    "align": "c",
                    "borderTop": "normal"
                },
                "html": "\\textcolor[rgb]{0,0.502,0.502}{\\textcolor{teal}{\\ding{51}}}",
                "css": "border-top: 1px solid rgb(0, 0, 0);"
            },
            {
                "dataset": {
                    "align": "c",
                    "borderTop": "normal"
                },
                "html": "\\textcolor[rgb]{0,0.502,0.502}{\\textcolor{teal}{\\ding{51}}}",
                "css": "border-top: 1px solid rgb(0, 0, 0);"
            },
            {
                "dataset": {
                    "align": "c",
                    "borderTop": "normal"
                },
                "html": "\\textcolor[rgb]{0,0.502,0.502}{\\textcolor{teal}{\\ding{51}}}",
                "css": "border-top: 1px solid rgb(0, 0, 0);"
            },
            {
                "dataset": {
                    "borderRight": "normal",
                    "align": "c",
                    "borderTop": "normal"
                },
                "html": "\\textcolor{red}{\\textcolor{red}{\\ding{55}}}",
                "css": "border-right: 1px solid rgb(0, 0, 0); border-top: 1px solid rgb(0, 0, 0);"
            },
            {
                "dataset": {
                    "align": "c",
                    "borderTop": "normal"
                },
                "html": "\\textcolor[rgb]{0,0.502,0.502}{\\textcolor{teal}{\\ding{51}}}",
                "css": "border-top: 1px solid rgb(0, 0, 0);"
            },
            {
                "dataset": {
                    "align": "c",
                    "borderTop": "normal"
                },
                "html": "\\textcolor{red}{\\textcolor{red}{\\ding{55}}}",
                "css": "border-top: 1px solid rgb(0, 0, 0);"
            },
            {
                "dataset": {
                    "align": "c",
                    "borderTop": "normal"
                },
                "html": "\\textcolor{red}{\\textcolor{red}{\\ding{55}}}",
                "css": "border-top: 1px solid rgb(0, 0, 0);"
            },
            {
                "dataset": {
                    "align": "c",
                    "borderTop": "normal"
                },
                "html": "\\textcolor{red}{\\textcolor{red}{\\ding{55}}}",
                "css": "border-top: 1px solid rgb(0, 0, 0);"
            }
        ],
        [
            {
                "dataset": {
                    "align": "l"
                }
            },
            {
                "dataset": {
                    "align": "l"
                },
                "html": "B"
            },
            {
                "dataset": {
                    "align": "l"
                },
                "html": "Static"
            },
            {
                "dataset": {
                    "borderRight": "normal",
                    "align": "l"
                },
                "html": "9 libs",
                "css": "border-right: 1px solid rgb(0, 0, 0);"
            },
            {
                "dataset": {
                    "align": "c"
                },
                "html": "\\textcolor{red}{\\textcolor{red}{\\ding{55}}}"
            },
            {
                "dataset": {
                    "align": "c"
                },
                "html": "\\textcolor[rgb]{0,0.502,0.502}{\\textcolor{teal}{\\ding{51}}}"
            },
            {
                "dataset": {
                    "align": "c"
                },
                "html": "\\textcolor[rgb]{0,0.502,0.502}{\\textcolor{teal}{\\ding{51}}}"
            },
            {
                "dataset": {
                    "borderRight": "normal",
                    "align": "c"
                },
                "html": "\\textcolor{red}{\\textcolor{red}{\\ding{55}}}",
                "css": "border-right: 1px solid rgb(0, 0, 0);"
            },
            {
                "dataset": {
                    "align": "c"
                },
                "html": "\\textcolor[rgb]{0,0.502,0.502}{\\textcolor{teal}{\\ding{51}}}"
            },
            {
                "dataset": {
                    "align": "c"
                },
                "html": "\\textcolor{red}{\\textcolor{red}{\\ding{55}}}"
            },
            {
                "dataset": {
                    "align": "c"
                },
                "html": "\\textcolor{red}{\\textcolor{red}{\\ding{55}}}"
            },
            {
                "dataset": {
                    "align": "c"
                },
                "html": "\\textcolor{red}{\\textcolor{red}{\\ding{55}}}"
            }
        ],
        [
            {
                "dataset": {
                    "align": "l"
                }
            },
            {
                "dataset": {
                    "align": "l"
                },
                "html": "B"
            },
            {
                "dataset": {
                    "align": "l"
                },
                "html": "Dynamic"
            },
            {
                "dataset": {
                    "borderRight": "normal",
                    "align": "l"
                },
                "html": "3 libs",
                "css": "border-right: 1px solid rgb(0, 0, 0);"
            },
            {
                "dataset": {
                    "align": "c"
                },
                "html": "\\textcolor{red}{\\textcolor{red}{\\ding{55}}}"
            },
            {
                "dataset": {
                    "align": "c"
                },
                "html": "\\textcolor{red}{\\textcolor{red}{\\ding{55}}}"
            },
            {
                "dataset": {
                    "align": "c"
                },
                "html": "\\textcolor[rgb]{0,0.502,0.502}{\\textcolor{teal}{\\ding{51}}}"
            },
            {
                "dataset": {
                    "borderRight": "normal",
                    "align": "c"
                },
                "html": "\\textcolor{red}{\\textcolor{red}{\\ding{55}}}",
                "css": "border-right: 1px solid rgb(0, 0, 0);"
            },
            {
                "dataset": {
                    "align": "c"
                },
                "html": "\\textcolor[rgb]{0,0.502,0.502}{\\textcolor{teal}{\\ding{51}}}"
            },
            {
                "dataset": {
                    "align": "c"
                },
                "html": "\\textcolor[rgb]{0,0.502,0.502}{\\textcolor{teal}{\\ding{51}}}"
            },
            {
                "dataset": {
                    "align": "c"
                },
                "html": "\\textcolor{red}{\\textcolor{red}{\\ding{55}}}"
            },
            {
                "dataset": {
                    "align": "c"
                },
                "html": "\\textcolor{red}{\\textcolor{red}{\\ding{55}}}"
            }
        ],
        [
            {
                "dataset": {
                    "align": "l",
                    "borderBottom": "normal"
                },
                "css": "border-bottom: 1px solid rgb(0, 0, 0);"
            },
            {
                "dataset": {
                    "align": "l",
                    "borderBottom": "normal"
                },
                "html": "Byt.",
                "css": "border-bottom: 1px solid rgb(0, 0, 0);"
            },
            {
                "dataset": {
                    "align": "l",
                    "borderBottom": "normal"
                },
                "html": "Hybrid",
                "css": "border-bottom: 1px solid rgb(0, 0, 0);"
            },
            {
                "dataset": {
                    "borderRight": "normal",
                    "align": "l",
                    "borderBottom": "normal"
                },
                "html": "26 libs",
                "css": "border-right: 1px solid rgb(0, 0, 0); border-bottom: 1px solid rgb(0, 0, 0);"
            },
            {
                "dataset": {
                    "align": "c",
                    "borderBottom": "normal"
                },
                "html": "\\textcolor[rgb]{0,0.502,0.502}{\\textcolor{teal}{\\ding{51}}}",
                "css": "border-bottom: 1px solid rgb(0, 0, 0);"
            },
            {
                "dataset": {
                    "align": "c",
                    "borderBottom": "normal"
                },
                "html": "\\textcolor[rgb]{0,0.502,0.502}{\\textcolor{teal}{\\ding{51}}}",
                "css": "border-bottom: 1px solid rgb(0, 0, 0);"
            },
            {
                "dataset": {
                    "align": "c",
                    "borderBottom": "normal"
                },
                "html": "\\textcolor[rgb]{0,0.502,0.502}{\\textcolor{teal}{\\ding{51}}}",
                "css": "border-bottom: 1px solid rgb(0, 0, 0);"
            },
            {
                "dataset": {
                    "borderRight": "normal",
                    "align": "c",
                    "borderBottom": "normal"
                },
                "html": "\\textcolor{red}{\\textcolor{red}{\\ding{55}}}",
                "css": "border-right: 1px solid rgb(0, 0, 0); border-bottom: 1px solid rgb(0, 0, 0);"
            },
            {
                "dataset": {
                    "align": "c",
                    "borderBottom": "normal"
                },
                "html": "\\textcolor[rgb]{0,0.502,0.502}{\\textcolor{teal}{\\ding{51}}}",
                "css": "border-bottom: 1px solid rgb(0, 0, 0);"
            },
            {
                "dataset": {
                    "align": "c",
                    "borderBottom": "normal"
                },
                "html": "\\textcolor[rgb]{0,0.502,0.502}{\\textcolor{teal}{\\ding{51}}}",
                "css": "border-bottom: 1px solid rgb(0, 0, 0);"
            },
            {
                "dataset": {
                    "align": "c",
                    "borderBottom": "normal"
                },
                "html": "\\textcolor{red}{\\textcolor{red}{\\ding{55}}}",
                "css": "border-bottom: 1px solid rgb(0, 0, 0);"
            },
            {
                "dataset": {
                    "align": "c",
                    "borderBottom": "normal"
                },
                "html": "\\textcolor[rgb]{0,0.502,0.502}{\\textcolor{teal}{\\ding{51}}}",
                "css": "border-bottom: 1px solid rgb(0, 0, 0);"
            }
        ],
        [
            {
                "dataset": {
                    "align": "l"
                }
            },
            {
                "dataset": {
                    "align": "l"
                },
                "html": "Src."
            },
            {
                "dataset": {
                    "align": "l"
                },
                "html": "Static"
            },
            {
                "dataset": {
                    "borderRight": "normal",
                    "align": "l"
                },
                "html": "30 libs",
                "css": "border-right: 1px solid rgb(0, 0, 0);"
            },
            {
                "dataset": {
                    "align": "c"
                },
                "html": "\\textcolor{red}{\\textcolor{red}{\\ding{55}}}"
            },
            {
                "dataset": {
                    "align": "c"
                },
                "html": "\\textcolor{red}{\\textcolor{red}{\\ding{55}}}"
            },
            {
                "dataset": {
                    "align": "c"
                },
                "html": "\\textcolor{red}{\\textcolor{red}{\\ding{55}}}"
            },
            {
                "dataset": {
                    "borderRight": "normal",
                    "align": "c"
                },
                "html": "\\textcolor[rgb]{0,0.502,0.502}{\\textcolor{teal}{\\ding{51}}}",
                "css": "border-right: 1px solid rgb(0, 0, 0);"
            },
            {
                "dataset": {
                    "align": "c"
                },
                "html": "\\textcolor[rgb]{0,0.502,0.502}{\\textcolor{teal}{\\ding{51}}}"
            },
            {
                "dataset": {
                    "align": "c"
                },
                "html": "\\textcolor[rgb]{0,0.502,0.502}{\\textcolor{teal}{\\ding{51}}}"
            },
            {
                "dataset": {
                    "align": "c"
                },
                "html": "\\textcolor{red}{\\textcolor{red}{\\ding{55}}}"
            },
            {
                "dataset": {
                    "align": "c"
                },
                "html": "\\textcolor[rgb]{0,0.502,0.502}{\\textcolor{teal}{\\ding{51}}}"
            }
        ],
        [
            {
                "dataset": {
                    "align": "l"
                }
            },
            {
                "dataset": {
                    "align": "l"
                },
                "html": "Byt. and Src."
            },
            {
                "dataset": {
                    "align": "l"
                },
                "html": "Static"
            },
            {
                "dataset": {
                    "borderRight": "normal",
                    "align": "l"
                },
                "html": "30 libs",
                "css": "border-right: 1px solid rgb(0, 0, 0);"
            },
            {
                "dataset": {
                    "align": "c"
                },
                "html": "\\textcolor{red}{\\textcolor{red}{\\ding{55}}}"
            },
            {
                "dataset": {
                    "align": "c"
                },
                "html": "\\textcolor{red}{\\textcolor{red}{\\ding{55}}}"
            },
            {
                "dataset": {
                    "align": "c"
                },
                "html": "\\textcolor[rgb]{0,0.502,0.502}{\\textcolor{teal}{\\ding{51}}}"
            },
            {
                "dataset": {
                    "borderRight": "normal",
                    "align": "c"
                },
                "html": "\\textcolor[rgb]{0,0.502,0.502}{\\textcolor{teal}{\\ding{51}}}",
                "css": "border-right: 1px solid rgb(0, 0, 0);"
            },
            {
                "dataset": {
                    "align": "c"
                },
                "html": "\\textcolor[rgb]{0,0.502,0.502}{\\textcolor{teal}{\\ding{51}}}"
            },
            {
                "dataset": {
                    "align": "c"
                },
                "html": "\\textcolor[rgb]{0,0.502,0.502}{\\textcolor{teal}{\\ding{51}}}"
            },
            {
                "dataset": {
                    "align": "c"
                },
                "html": "\\textcolor{red}{\\textcolor{red}{\\ding{55}}}"
            },
            {
                "dataset": {
                    "align": "c"
                },
                "html": "\\textcolor{red}{\\textcolor{red}{\\ding{55}}}"
            }
        ],
        [
            {
                "dataset": {
                    "align": "l"
                }
            },
            {
                "dataset": {
                    "align": "l"
                },
                "html": "Byt."
            },
            {
                "dataset": {
                    "align": "l",
                    "borderBottom": "normal"
                },
                "html": "Static",
                "css": "border-bottom: 1px solid rgb(0, 0, 0);",
                "rowSpan": 2
            },
            {
                "dataset": {
                    "borderRight": "normal",
                    "align": "l"
                },
                "html": "395 libs",
                "css": "border-right: 1px solid rgb(0, 0, 0);"
            },
            {
                "dataset": {
                    "align": "c",
                    "borderBottom": "normal"
                },
                "html": "\\textcolor{red}{\\textcolor{red}{\\ding{55}}}",
                "css": "border-bottom: 1px solid rgb(0, 0, 0);",
                "rowSpan": 2
            },
            {
                "dataset": {
                    "align": "c",
                    "borderBottom": "normal"
                },
                "html": "\\textcolor{red}{\\textcolor{red}{\\ding{55}}}",
                "css": "border-bottom: 1px solid rgb(0, 0, 0);",
                "rowSpan": 2
            },
            {
                "dataset": {
                    "align": "c",
                    "borderBottom": "normal"
                },
                "html": "\\textcolor{red}{\\textcolor{red}{\\ding{55}}}",
                "css": "border-bottom: 1px solid rgb(0, 0, 0);",
                "rowSpan": 2
            },
            {
                "dataset": {
                    "borderRight": "normal",
                    "align": "c",
                    "borderBottom": "normal"
                },
                "html": "\\textcolor[rgb]{0,0.502,0.502}{\\textcolor{teal}{\\ding{51}}}",
                "css": "border-right: 1px solid rgb(0, 0, 0); border-bottom: 1px solid rgb(0, 0, 0);",
                "rowSpan": 2
            },
            {
                "dataset": {
                    "align": "c",
                    "borderBottom": "normal"
                },
                "html": "\\textcolor[rgb]{0,0.502,0.502}{\\textcolor{teal}{\\ding{51}}}",
                "css": "border-bottom: 1px solid rgb(0, 0, 0);",
                "rowSpan": 2
            },
            {
                "dataset": {
                    "align": "c",
                    "borderBottom": "normal"
                },
                "html": "\\textcolor[rgb]{0,0.502,0.502}{\\textcolor{teal}{\\ding{51}}}",
                "css": "border-bottom: 1px solid rgb(0, 0, 0);",
                "rowSpan": 2
            },
            {
                "dataset": {
                    "align": "c",
                    "borderBottom": "normal"
                },
                "html": "\\textcolor[rgb]{0,0.502,0.502}{\\textcolor{teal}{\\ding{51}}}",
                "css": "border-bottom: 1px solid rgb(0, 0, 0);",
                "rowSpan": 2
            },
            {
                "dataset": {
                    "align": "c",
                    "borderBottom": "normal"
                },
                "html": "\\textcolor{red}{\\textcolor{red}{\\ding{55}}}",
                "css": "border-bottom: 1px solid rgb(0, 0, 0);",
                "rowSpan": 2
            }
        ],
        [
            {
                "dataset": {
                    "align": "l",
                    "borderBottom": "normal"
                },
                "css": "border-bottom: 1px solid rgb(0, 0, 0);"
            },
            {
                "dataset": {
                    "align": "l",
                    "borderBottom": "normal"
                },
                "css": "border-bottom: 1px solid rgb(0, 0, 0);"
            },
            {
                "dataset": {
                    "borderRight": "normal",
                    "align": "l",
                    "borderBottom": "normal"
                },
                "html": "1370 clients",
                "css": "border-right: 1px solid rgb(0, 0, 0); border-bottom: 1px solid rgb(0, 0, 0);"
            }
        ]
    ],
    "version": "3.0"
}