{
    "options": {
        "gen-comma": false,
        "gen-surround": true,
        "latex-whitespace": false,
        "latex-border": true,
        "latex-command": true,
        "latex-split": false,
        "latex-landscape": false,
        "latex-float": true,
        "fit-table": "none",
        "latex-hhline": true,
        "latex-hhline-hash": false,
        "latex-tabu": false,
        "latex-color": false,
        "latex-microfix-alignment": true,
        "tex-escape": true,
        "tex-macro": true,
        "html-indent": "tab",
        "html-tbody": false,
        "html-remove-tag": false,
        "csv-separator": ",",
        "bbcode-header": "1",
        "pretext-indent": "two",
        "context-split": false,
        "context-landscape": false,
        "context-float": true,
        "context-indent": "two",
        "wml-indent": "four",
        "latexEnv": "Auto"
    },
    "autoBooktabs": false,
    "caption": {
        "caption": "",
        "numbered": false,
        "label": ""
    },
    "cells": [
        [
            {
                "dataset": {
                    "borderLeft": "normal",
                    "borderTop": "normal",
                    "borderRight": "normal",
                    "borderBottom": "normal"
                },
                "html": "Author(s)",
                "css": "border-color: rgb(0, 0, 0); border-style: solid; border-width: 1px;"
            },
            {
                "dataset": {
                    "borderTop": "normal",
                    "borderBottom": "normal",
                    "borderLeft": "normal",
                    "borderRight": "normal"
                },
                "html": "Venue",
                "css": "border-color: rgb(0, 0, 0); border-style: solid; border-width: 1px;"
            },
            {
                "dataset": {
                    "borderRight": "normal",
                    "borderTop": "normal",
                    "borderBottom": "normal",
                    "borderLeft": "normal"
                },
                "html": "Title",
                "css": "border-color: rgb(0, 0, 0); border-style: solid; border-width: 1px;"
            }
        ],
        [
            {
                "dataset": {
                    "borderRight": "normal",
                    "borderLeft": "normal"
                },
                "html": "\\textcite{wirth1995plea}",
                "css": "border-right: 1px solid rgb(0, 0, 0); border-left: 1px solid rgb(0, 0, 0);"
            },
            {
                "dataset": {
                    "borderRight": "normal",
                    "borderLeft": "normal"
                },
                "html": "Computer",
                "css": "border-right: 1px solid rgb(0, 0, 0); border-left: 1px solid rgb(0, 0, 0);"
            },
            {
                "dataset": {
                    "borderLeft": "normal",
                    "borderRight": "normal"
                },
                "html": "A plea of lean software<br>",
                "css": "border-left: 1px solid rgb(0, 0, 0); border-right: 1px solid rgb(0, 0, 0);"
            }
        ],
        [
            {
                "dataset": {
                    "borderLeft": "normal",
                    "borderRight": "normal"
                },
                "html": "\\textcite{xu2010software}",
                "css": "border-right: 1px solid rgb(0, 0, 0); border-left: 1px solid rgb(0, 0, 0);"
            },
            {
                "dataset": {
                    "borderLeft": "normal",
                    "borderRight": "normal"
                },
                "html": "FSE/SDP",
                "css": "border-right: 1px solid rgb(0, 0, 0); border-left: 1px solid rgb(0, 0, 0);"
            },
            {
                "dataset": {
                    "borderRight": "normal",
                    "borderLeft": "normal"
                },
                "html": "Software bloat analysis: Finding, removing, and preventing performance problems in modern large-scale object-oriented applications",
                "css": "border-left: 1px solid rgb(0, 0, 0); border-right: 1px solid rgb(0, 0, 0);"
            }
        ],
        [
            {
                "dataset": {
                    "borderLeft": "normal",
                    "borderRight": "normal"
                },
                "html": "\\textcite{luke2006comparison}",
                "css": "border-right: 1px solid rgb(0, 0, 0); border-left: 1px solid rgb(0, 0, 0);"
            },
            {
                "dataset": {
                    "borderLeft": "normal",
                    "borderRight": "normal"
                },
                "html": "EC",
                "css": "border-right: 1px solid rgb(0, 0, 0); border-left: 1px solid rgb(0, 0, 0);"
            },
            {
                "dataset": {
                    "borderRight": "normal",
                    "borderLeft": "normal"
                },
                "html": "A comparison of bloat control methods for genetic programming",
                "css": "border-left: 1px solid rgb(0, 0, 0); border-right: 1px solid rgb(0, 0, 0);"
            }
        ],
        [
            {
                "dataset": {
                    "borderLeft": "normal",
                    "borderRight": "normal"
                },
                "html": "\\textcite{bhattacharya2011software}",
                "css": "border-left: 1px solid rgb(0, 0, 0); border-right: 1px solid rgb(0, 0, 0);"
            },
            {
                "dataset": {
                    "borderLeft": "normal",
                    "borderRight": "normal"
                },
                "html": "SIGPLAN",
                "css": "border-left: 1px solid rgb(0, 0, 0); border-right: 1px solid rgb(0, 0, 0);"
            },
            {
                "dataset": {
                    "borderRight": "normal",
                    "borderLeft": "normal"
                },
                "html": "Detecting inefficiently-used containers to avoid bloat",
                "css": "border-right: 1px solid rgb(0, 0, 0); border-left: 1px solid rgb(0, 0, 0);"
            }
        ],
        [
            {
                "dataset": {
                    "borderLeft": "normal",
                    "borderRight": "normal"
                },
                "html": "\\textcite{bhattacharya2012does}",
                "css": "border-left: 1px solid rgb(0, 0, 0); border-right: 1px solid rgb(0, 0, 0);"
            },
            {
                "dataset": {
                    "borderLeft": "normal",
                    "borderRight": "normal"
                },
                "html": "SIGMETRICS",
                "css": "border-left: 1px solid rgb(0, 0, 0); border-right: 1px solid rgb(0, 0, 0);"
            },
            {
                "dataset": {
                    "borderRight": "normal",
                    "borderLeft": "normal"
                },
                "html": "Does lean imply green? a study of the power performance implications of Java runtime bloat",
                "css": "border-right: 1px solid rgb(0, 0, 0); border-left: 1px solid rgb(0, 0, 0);"
            }
        ],
        [
            {
                "dataset": {
                    "borderLeft": "normal",
                    "borderRight": "normal"
                },
                "html": "\\textcite{elahi2017smartphone}",
                "css": "border-left: 1px solid rgb(0, 0, 0); border-right: 1px solid rgb(0, 0, 0);"
            },
            {
                "dataset": {
                    "borderLeft": "normal",
                    "borderRight": "normal"
                },
                "html": "SPACCS",
                "css": "border-left: 1px solid rgb(0, 0, 0); border-right: 1px solid rgb(0, 0, 0);"
            },
            {
                "dataset": {
                    "borderRight": "normal",
                    "borderLeft": "normal"
                },
                "html": "Smartphone bloatware: an overlooked privacy problem",
                "css": "border-right: 1px solid rgb(0, 0, 0); border-left: 1px solid rgb(0, 0, 0);"
            }
        ],
        [
            {
                "dataset": {
                    "borderLeft": "normal",
                    "borderRight": "normal"
                },
                "html": "\\textcite{quach2017multi}",
                "css": "border-left: 1px solid rgb(0, 0, 0); border-right: 1px solid rgb(0, 0, 0);"
            },
            {
                "dataset": {
                    "borderLeft": "normal",
                    "borderRight": "normal"
                },
                "html": "FEAST",
                "css": "border-left: 1px solid rgb(0, 0, 0); border-right: 1px solid rgb(0, 0, 0);"
            },
            {
                "dataset": {
                    "borderRight": "normal",
                    "borderLeft": "normal"
                },
                "html": "A multi-OS cross-layer study of bloating in user programs, kernel and managed execution environments",
                "css": "border-right: 1px solid rgb(0, 0, 0); border-left: 1px solid rgb(0, 0, 0);"
            }
        ],
        [
            {
                "dataset": {
                    "borderLeft": "normal",
                    "borderRight": "normal"
                },
                "html": "\\textcite{brown2019less}",
                "css": "border-left: 1px solid rgb(0, 0, 0); border-right: 1px solid rgb(0, 0, 0);"
            },
            {
                "dataset": {
                    "borderLeft": "normal",
                    "borderRight": "normal"
                },
                "html": "USENIX",
                "css": "border-left: 1px solid rgb(0, 0, 0); border-right: 1px solid rgb(0, 0, 0);"
            },
            {
                "dataset": {
                    "borderRight": "normal",
                    "borderLeft": "normal"
                },
                "html": "Is Less Really More? Towards Better Metrics for Measuring Security Improvements Realized Through Software Debloating",
                "css": "border-right: 1px solid rgb(0, 0, 0); border-left: 1px solid rgb(0, 0, 0);"
            }
        ],
        [
            {
                "dataset": {
                    "borderLeft": "normal",
                    "borderRight": "normal"
                },
                "html": "\\textcite{quach2019bloat}",
                "css": "border-left: 1px solid rgb(0, 0, 0); border-right: 1px solid rgb(0, 0, 0);"
            },
            {
                "dataset": {
                    "borderLeft": "normal",
                    "borderRight": "normal"
                },
                "html": "FEAST",
                "css": "border-left: 1px solid rgb(0, 0, 0); border-right: 1px solid rgb(0, 0, 0);"
            },
            {
                "dataset": {
                    "borderRight": "normal",
                    "borderLeft": "normal"
                },
                "html": "Bloat factors and binary specialization",
                "css": "border-right: 1px solid rgb(0, 0, 0); border-left: 1px solid rgb(0, 0, 0);"
            }
        ],
        [
            {
                "dataset": {
                    "borderLeft": "normal",
                    "borderRight": "normal"
                },
                "html": "\\textcite{azad2019less}",
                "css": "border-left: 1px solid rgb(0, 0, 0); border-right: 1px solid rgb(0, 0, 0);"
            },
            {
                "dataset": {
                    "borderLeft": "normal",
                    "borderRight": "normal"
                },
                "html": "USENIX",
                "css": "border-left: 1px solid rgb(0, 0, 0); border-right: 1px solid rgb(0, 0, 0);"
            },
            {
                "dataset": {
                    "borderRight": "normal",
                    "borderLeft": "normal"
                },
                "html": "Less is More: Quantifying the Security Benefits of Debloating Web Applications",
                "css": "border-right: 1px solid rgb(0, 0, 0); border-left: 1px solid rgb(0, 0, 0);"
            }
        ],
        [
            {
                "dataset": {
                    "borderLeft": "normal",
                    "borderRight": "normal"
                },
                "html": "\\textcite{haas2020static}",
                "css": "border-left: 1px solid rgb(0, 0, 0); border-right: 1px solid rgb(0, 0, 0);"
            },
            {
                "dataset": {
                    "borderLeft": "normal",
                    "borderRight": "normal"
                },
                "html": "TOSEM",
                "css": "border-left: 1px solid rgb(0, 0, 0); border-right: 1px solid rgb(0, 0, 0);"
            },
            {
                "dataset": {
                    "borderRight": "normal",
                    "borderLeft": "normal"
                },
                "html": "Is static analysis able to identify unnecessary source code?",
                "css": "border-right: 1px solid rgb(0, 0, 0); border-left: 1px solid rgb(0, 0, 0);"
            }
        ],
        [
            {
                "dataset": {
                    "borderLeft": "normal",
                    "borderRight": "normal"
                },
                "html": "\\textcite{holzmann2015code}",
                "css": "border-left: 1px solid rgb(0, 0, 0); border-right: 1px solid rgb(0, 0, 0);"
            },
            {
                "dataset": {
                    "borderLeft": "normal",
                    "borderRight": "normal"
                },
                "html": "IEEE Software",
                "css": "border-left: 1px solid rgb(0, 0, 0); border-right: 1px solid rgb(0, 0, 0);"
            },
            {
                "dataset": {
                    "borderRight": "normal",
                    "borderLeft": "normal"
                },
                "html": "Code Inflation",
                "css": "border-right: 1px solid rgb(0, 0, 0); border-left: 1px solid rgb(0, 0, 0);"
            }
        ],
        [
            {
                "dataset": {
                    "borderLeft": "normal",
                    "borderRight": "normal"
                },
                "html": "\\textcite{ponta2021used}",
                "css": "border-left: 1px solid rgb(0, 0, 0); border-right: 1px solid rgb(0, 0, 0);"
            },
            {
                "dataset": {
                    "borderLeft": "normal",
                    "borderRight": "normal"
                },
                "html": "ICSME",
                "css": "border-left: 1px solid rgb(0, 0, 0); border-right: 1px solid rgb(0, 0, 0);"
            },
            {
                "dataset": {
                    "borderRight": "normal",
                    "borderLeft": "normal"
                },
                "html": "The Used, the Bloated, and the Vulnerable: Reducing the Attack Surface of an Industrial Application",
                "css": "border-right: 1px solid rgb(0, 0, 0); border-left: 1px solid rgb(0, 0, 0);"
            }
        ],
        [
            {
                "dataset": {
                    "borderLeft": "normal",
                    "borderRight": "normal"
                },
                "html": "\\textcite{chuang2022removing}",
                "css": "border-left: 1px solid rgb(0, 0, 0); border-right: 1px solid rgb(0, 0, 0);"
            },
            {
                "dataset": {
                    "borderLeft": "normal",
                    "borderRight": "normal"
                },
                "html": "SCAM",
                "css": "border-left: 1px solid rgb(0, 0, 0); border-right: 1px solid rgb(0, 0, 0);"
            },
            {
                "dataset": {
                    "borderRight": "normal",
                    "borderLeft": "normal"
                },
                "html": "Removing dependencies from large software projects: are you really sure?",
                "css": "border-right: 1px solid rgb(0, 0, 0); border-left: 1px solid rgb(0, 0, 0);"
            }
        ],
        [
            {
                "dataset": {
                    "borderLeft": "normal",
                    "borderRight": "normal"
                },
                "html": "\\textcite{caivano2021exploratory}",
                "css": "border-left: 1px solid rgb(0, 0, 0); border-right: 1px solid rgb(0, 0, 0);"
            },
            {
                "dataset": {
                    "borderLeft": "normal",
                    "borderRight": "normal"
                },
                "html": "EMSE",
                "css": "border-left: 1px solid rgb(0, 0, 0); border-right: 1px solid rgb(0, 0, 0);"
            },
            {
                "dataset": {
                    "borderRight": "normal",
                    "borderLeft": "normal"
                },
                "html": "An Exploratory Study on Dead Methods in Open-source Java Desktop Applications",
                "css": "border-right: 1px solid rgb(0, 0, 0); border-left: 1px solid rgb(0, 0, 0);"
            }
        ],
        [
            {
                "dataset": {
                    "borderLeft": "normal",
                    "borderRight": "normal"
                },
                "html": "\\textcite{ternava2022scratching}",
                "css": "border-left: 1px solid rgb(0, 0, 0); border-right: 1px solid rgb(0, 0, 0);"
            },
            {
                "dataset": {
                    "borderLeft": "normal",
                    "borderRight": "normal"
                },
                "html": "ICSR",
                "css": "border-left: 1px solid rgb(0, 0, 0); border-right: 1px solid rgb(0, 0, 0);"
            },
            {
                "dataset": {
                    "borderRight": "normal",
                    "borderLeft": "normal"
                },
                "html": "Scratching the Surface of./configure: Learning the Effects of Compile-Time Options on Binary Size and Gadgets",
                "css": "border-right: 1px solid rgb(0, 0, 0); border-left: 1px solid rgb(0, 0, 0);"
            }
        ],
        [
            {
                "dataset": {
                    "borderLeft": "normal",
                    "borderRight": "normal"
                },
                "html": "\\textcite{xin2022studying}",
                "css": "border-left: 1px solid rgb(0, 0, 0); border-right: 1px solid rgb(0, 0, 0);"
            },
            {
                "dataset": {
                    "borderLeft": "normal",
                    "borderRight": "normal"
                },
                "html": "ASE",
                "css": "border-left: 1px solid rgb(0, 0, 0); border-right: 1px solid rgb(0, 0, 0);"
            },
            {
                "dataset": {
                    "borderRight": "normal",
                    "borderLeft": "normal"
                },
                "html": "Studying and understanding the tradeoffs between generality and reduction in software debloating",
                "css": "border-right: 1px solid rgb(0, 0, 0); border-left: 1px solid rgb(0, 0, 0);"
            }
        ],
        [
            {
                "dataset": {
                    "borderLeft": "normal",
                    "borderRight": "normal"
                },
                "html": "\\textcite{macias2020webjshrink}",
                "css": "border-left: 1px solid rgb(0, 0, 0); border-right: 1px solid rgb(0, 0, 0);"
            },
            {
                "dataset": {
                    "borderLeft": "normal",
                    "borderRight": "normal"
                },
                "html": "ESEC/FSE",
                "css": "border-left: 1px solid rgb(0, 0, 0); border-right: 1px solid rgb(0, 0, 0);"
            },
            {
                "dataset": {
                    "borderRight": "normal",
                    "borderLeft": "normal"
                },
                "html": "Webjshrink: a web service for debloating java bytecode",
                "css": "border-right: 1px solid rgb(0, 0, 0); border-left: 1px solid rgb(0, 0, 0);"
            }
        ],
        [
            {
                "dataset": {
                    "borderLeft": "normal",
                    "borderRight": "normal"
                },
                "html": "\\textcite{haas2019recommending}",
                "css": "border-left: 1px solid rgb(0, 0, 0); border-right: 1px solid rgb(0, 0, 0);"
            },
            {
                "dataset": {
                    "borderLeft": "normal",
                    "borderRight": "normal"
                },
                "html": "ICSE",
                "css": "border-left: 1px solid rgb(0, 0, 0); border-right: 1px solid rgb(0, 0, 0);"
            },
            {
                "dataset": {
                    "borderRight": "normal",
                    "borderLeft": "normal"
                },
                "html": "Recommending Unnecessary Source Code Based on Static Analysis",
                "css": "border-right: 1px solid rgb(0, 0, 0); border-left: 1px solid rgb(0, 0, 0);"
            }
        ],
        [
            {
                "dataset": {
                    "borderLeft": "normal",
                    "borderBottom": "normal",
                    "borderRight": "normal"
                },
                "html": "\\textcite{kamp2011expensive}",
                "css": "border-left: 1px solid rgb(0, 0, 0); border-bottom: 1px solid rgb(0, 0, 0); border-right: 1px solid rgb(0, 0, 0);"
            },
            {
                "dataset": {
                    "borderBottom": "normal",
                    "borderLeft": "normal",
                    "borderRight": "normal"
                },
                "html": "QUEUE",
                "css": "border-bottom: 1px solid rgb(0, 0, 0); border-left: 1px solid rgb(0, 0, 0); border-right: 1px solid rgb(0, 0, 0);"
            },
            {
                "dataset": {
                    "borderRight": "normal",
                    "borderBottom": "normal",
                    "borderLeft": "normal"
                },
                "html": "The Most Expensive One-Byte Mistake",
                "css": "border-right: 1px solid rgb(0, 0, 0); border-bottom: 1px solid rgb(0, 0, 0); border-left: 1px solid rgb(0, 0, 0);"
            }
        ]
    ],
    "version": "3.0.1"
}